20_1S7rcaH~1.mp3,20_1S7rcaH~1.mp3
6_dl3PycG~1.mp3,6_dl3PycG~1.mp3
a-kto-to~1.mp3,A-Kto-To.mp3
ale-sciebie-bambik~1.mp3,Ale Sciebie Bambik.mp3
ale_ma_cycuszki~1.mp3,Ale Ma Cycuszki.mp3
ani-kroku-dalej-kutafony-online-audio-converter~1.mp3,Ani Kroku Dalej Kutafony.mp3
ara-ara-sayonara-mp3cut~1.mp3,Ara Ara Sayonara.mp3
a_co_ty_kurwa_srasz_w_majtki~1.mp3,A Co Ty Kurwa Srasz w Majtki.mp3
a_ty_jestes_gejem~1.mp3,A Ty Jestes Gejem.mp3
bajojajo~1.mp3,Bajojajo.mp3
balkan_6ihina2~1.mp3,Balkan.mp3
barka~1.mp3,Barka.mp3
bejba~1.mp3,Bejba.mp3
blaster~1.mp3,Blaster.mp3
chinese-rap-song~1.mp3,Chinese Rap Song.mp3
chlebek-bozy_dunsA4y~1.mp3,Chlebek Bozy.mp3
chory-czlowiek~1.mp3,Chory Czlowiek.mp3
co_to_kurwa_jest~1.mp3,Co To Kurwa Jest.mp3
co_ty_pierdolisz~1.mp3,Co Ty Pierdolisz.mp3
czego_ty_krzyczysz~1.mp3,Czego Ty Krzyczysz.mp3
dario-herbatka-z-cukrem-mp3cut~1.mp3,Dario - Herbatka z Cukrem.mp3
dario-nie-podobasz-mi-sie-mp3cut~1.mp3,Dario - Nie Podobasz Mi Sie.mp3
dario-piekny-jestes-mp3cut~1.mp3,Dario - Piekny Jestes.mp3
dario-poziomka-kurwo-mp3cut~1.mp3,Dario - Poziomka Kurwo.mp3
dario-tak-prosze-pana-mp3cut~1.mp3,Dario - Tak Prosze Pana.mp3
dario-to-nie-do-mnie-tak-mp3cut~1.mp3,Dario - To Nie Do Mnie Tak.mp3
dario-wodeczka-mp3cut~1.mp3,Dario - Wodeczka.mp3
french-music-for-google-translate-meme~1.mp3,French Music for Google Translate Meme.mp3
halo-halo-kononowicz-powiadomienie-3~1.mp3,Halo Halo Kononowicz Powiadomienie 3.mp3
i-woke-up-in-a-new-bugatti~1.mp3,I Woke Up in a New Bugatti.mp3
ide-zabijac~1.mp3,Ide Zabijac.mp3
intro-familiada~1.mp3,Intro Familiada.mp3
ivona-zamknij-morde~1.mp3,Ivona Zamknij Morde.mp3
jak-mi-sie-snilo-to-siurek-sie-podnosil~1.mp3,Jak Mi Sie Snilo To Siurek Sie Podnosil.mp3
jan-pawel-ii-kto-cie-dzisiaj-posunie~1.mp3,Jan Pawel II - Kto Cie Dzisiaj Posunie.mp3
jebacpolicje~1.mp3,Jebac Policje.mp3
jebal~1.mp3,Jebal.mp3
jtpjkchcwd~1.mp3,Jtpjkchcwd.mp3
kapitan-bomba-szambo-1-mp3cut~1.mp3,Kapitan Bomba - Szambo 1.mp3
kapitan-bomba-szambo-audiotrimmer~1.mp3,Kapitan Bomba - Szambo.mp3
kapitan-bomba-takim-sprzetem-mozna-zabic~1.mp3,Kapitan Bomba - Takim Sprzetem Mozna Zabic.mp3
kkk_WSe5JrL~1.mp3,KKK.mp3
kodeks~1.mp3,Kodeks.mp3
kononowicz-czy-ty-katolik~1.mp3,Kononowicz - Czy Ty Katolik.mp3
kononowicz-kupa~1.mp3,Kononowicz - Kupa.mp3
kurwa-raketa~1.mp3,Kurwa Raketa.mp3
kutas-w-szlifierce~1.mp3,Kutas w Szlifierce.mp3
major-pocaluj-mnie-w-dupe~1.mp3,Major - Pocaluj Mnie w Dupe.mp3
malego~1.mp3,Malego.mp3
mao-zedong-propaganda-music-red-sun-in-the-sky~1.mp3,Mao Zedong - Propaganda Music - Red Sun in the Sky.mp3
metal-pipe-clang~1.mp3,Metal Pipe Clang.mp3
mhehe_D0idNXC~1.mp3,Mhehe.mp3
musica-de-sigma-estourado~1.mp3,Musica de Sigma Estourado.mp3
najman-co-ty-pierdolisz-czlowieku~1.mp3,Najman - Co Ty Pierdolisz Czlowieku.mp3
nictuponas~1.mp3,Nictuponas.mp3
o-cholera-czy-to-freddy-fazbear~1.mp3,O Cholera Czy To Freddy Fazbear.mp3
odpierdolic (1)~1.mp3,Odpierdolic (1).mp3
odpierdolic~1.mp3,Odpierdolic.mp3
otoznie~1.mp3,Otoznie.mp3
phasmophobia-ghost-attack-1_b6tVbw6~1.mp3,Phasmophobia - Ghost Attack 1.mp3
pies~1.mp3,Pies.mp3
piwko-to-jest-jak-rosol~1.mp3,Piwko To Jest Jak Rosol.mp3
polsat-inna-wersja-muzyki-z-dingla-reklamowego-od-2006-~1.mp3,Polsat - Inna Wersja Muzyki z Dingla Reklamowego od 2006.mp3
potrzebujemyciewnaszymskadzie_bybakster~1.mp3,Potrzebujemyciewnaszymskadzie.mp3
prosze-sie-nie-odzywac~1.mp3,Prosze Sie Nie Odzywac.mp3
prosze_nie_przeklinac~1.mp3,Prosze Nie Przeklinac.mp3
rafonix-ciaparito~1.mp3,Rafonix - Ciaparito.mp3
rafonix-matka-taraboni-w-drzwi-mp3cut~1.mp3,Rafonix - Matka Taraboni w Drzwi.mp3
roundmvpanthem_01~1.mp3,Roundmvpanthem 01.mp3
Skyrim NPC Music - Harvest Dawn.mp3,Skyrim NPC Music - Harvest Dawn.mp3
slepnac-od-swiate-siata-na-eb~1.mp3,Slepnac Od Swiate Siata Na Eb.mp3
slepnac-od-swiate-z-kilometra~1.mp3,Slepnac Od Swiate Z Kilometra.mp3
steve-old-hurt-sound_XKZxUk4~1.mp3,Steve - Old Hurt Sound.mp3
swina~1.mp3,Swina.mp3
tancz-pokaz~1.mp3,Tancz Pokaz.mp3
tepe-chuje-kapitan-bomba~1.mp3,Tepe Chuje Kapitan Bomba.mp3
the-weeknd-rizzz~1.mp3,The Weeknd - Rizzz.mp3
ujem-i-juz~1.mp3,Ujem i Juz.mp3
vinks-fonk~1.mp3,Vinks - Fonk.mp3
we-live-we-love-we-lie~1.mp3,"We Live, We Love, We Lie.mp3"
wezzamknijpizde~1.mp3,Wezzamknijpizde.mp3
wiesniaku~1.mp3,Wiesniaku.mp3
wilki-jakies~1.mp3,Wilki Jakies.mp3
xayoo-chiuaua_pxWIrRg~1.mp3,Xayoo - Chiuaua.mp3
xayoo-wypierdalaj-kurwa~1.mp3,Xayoo - Wypierdalaj Kurwa.mp3
zamknij3_qmVSCdr~1.mp3,Zamknij3.mp3
ziobro-echo~1.mp3,Ziobro - Echo.mp3
zrob-mi-louda~1.mp3,Zrob Mi Louda.mp3